customer_id,first_name,last_name,gender,age,country,income
CS00001,Isadora,Porto,Female,19,Brazil,117196
CS00002,Hugo,Carreño,Male,33,Chile,49256
CS00003,René,Olivera,Male,65,Mexico,33434
CS00004,Luiz Henrique,Pinto,Male,55,Brazil,75302
CS00005,Leonardo,Monteiro,Male,19,Brazil,32280
CS00006,Lourdes,Salas,Female,32,Mexico,86237
CS00007,João Miguel,Fernandes,Male,53,Brazil,46062
CS00008,María,Paz,Female,32,Colombia,78878
CS00009,Elizabeth,Jara,Female,18,Chile,119458
CS00010,Cynthia,Ruiz,Male,62,Mexico,75392
CS00011,Ramon,Saavedra,Male,35,Chile,40379
CS00012,Yeni,Laboy,Female,39,Mexico,33396
CS00013,Helena,Pereira,Female,42,Brazil,32676
CS00014,Alejandro,González,Male,40,Chile,99131
CS00015,Matías,Muñoz,Male,20,Chile,115647
CS00016,Francisco,Torres,Male,52,Colombia,36361
CS00017,Diana,Rodríguez,Female,23,Colombia,92357
CS00018,Rigoberto,Gallardo,Male,58,Chile,101070
CS00019,Sebastián,Alarcón,Male,54,Chile,45203
CS00020,Nathan,Melo,Male,20,Brazil,106673
CS00021,Jerónimo,Alemán,Female,36,Mexico,149134
CS00022,Joaquim,Gomes,Male,32,Brazil,133571
CS00023,Lívia,Cardoso,Female,42,Brazil,56434
CS00024,Liliana,Burbano,Female,58,Colombia,129328
CS00025,Victoria,Alegría,Female,28,Chile,68520
CS00026,Paula,Fernández,Female,31,Chile,107841
CS00027,Diego,Navarrete,Male,62,Chile,142769
CS00028,Gabriel,Jesus,Male,56,Brazil,103227
CS00029,Antonio,Gallardo,Male,52,Mexico,115568
CS00030,Francisco,Cornejo,Female,28,Mexico,80589
CS00031,Lorena,Sanabria,Female,35,Colombia,149698
CS00032,Javier,Hinojosa,Female,61,Mexico,62504
CS00033,Esther,Ribeiro,Female,32,Brazil,127715
CS00034,Ana Beatriz,Mendes,Female,38,Brazil,72581
CS00035,Antonio,González,Male,22,Chile,47653
CS00036,Héctor,Toledo,Male,31,Chile,105909
CS00037,María,Carrillo,Female,43,Colombia,135957
CS00038,Alexander,Mena,Male,27,Colombia,54718
CS00039,Gabino,Ordóñez,Male,33,Mexico,117647
CS00040,Manuel,Correa,Male,65,Chile,96622
CS00041,Carmenza,Manrique,Female,55,Colombia,72350
CS00042,Felipe,Ibarra,Male,32,Chile,38131
CS00043,José,Ríos,Male,23,Colombia,119061
CS00044,Joaquim,da Mota,Male,25,Brazil,40033
CS00045,Rosario,Mena,Female,61,Mexico,75333
CS00046,Valentina,Moura,Female,42,Brazil,70019
CS00047,Armando,Barrera,Male,51,Colombia,52953
CS00048,Evelyn,da Cruz,Female,61,Brazil,114466
CS00049,Marcelo,Duarte,Male,61,Brazil,135970
CS00050,Juan,Navarro,Male,59,Chile,64587
CS00051,Matheus,Dias,Male,36,Brazil,76985
CS00052,Felix,Velázquez,Female,47,Mexico,20425
CS00053,Cristopher,Rodríguez,Male,50,Chile,119871
CS00054,Raquel,Zedillo,Male,50,Mexico,139619
CS00055,Pedro Lucas,Melo,Male,58,Brazil,59117
CS00056,Óscar,Quezada,Male,27,Mexico,69009
CS00057,Mónica,Beltrán,Female,52,Mexico,144977
CS00058,Júlia,Santos,Female,56,Brazil,62487
CS00059,Luisa,Orozco,Female,19,Colombia,34662
CS00060,Astrid,Figueroa,Female,37,Chile,51385
CS00061,Guilherme,Dias,Male,33,Brazil,135082
CS00062,Lucas Gabriel,Campos,Male,23,Brazil,115932
CS00063,Angélica,Mosquera,Female,22,Colombia,148186
CS00064,Enrique,Sanabria,Male,26,Mexico,106474
CS00065,Alexis,Castillo,Male,53,Colombia,41643
CS00066,Johanna,Contreras,Female,51,Chile,134351
CS00067,Marlon,Cano,Male,31,Colombia,141754
CS00068,Sandra,Estrada,Male,63,Mexico,60857
CS00069,Angélica,Sánchez,Female,60,Colombia,105180
CS00070,Jorge,Correa,Male,46,Chile,137914
CS00071,Paola,Ortiz,Female,25,Colombia,52493
CS00072,Alma,Santiago,Female,22,Mexico,64313
CS00073,Calebe,Martins,Male,55,Brazil,92603
CS00074,Fidel,Villaseñor,Female,55,Mexico,48864
CS00075,Emilly,Fernandes,Female,22,Brazil,112778
CS00076,Enzo Gabriel,Gonçalves,Male,32,Brazil,28834
CS00077,Augusto,Fogaça,Male,39,Brazil,29287
CS00078,Abelardo,Vergara,Female,35,Mexico,107684
CS00079,Aura,Rojas,Female,31,Colombia,90678
CS00080,Jerónimo,Rocha,Male,64,Mexico,142619
CS00081,Nayibe,Arias,Female,33,Colombia,122841
CS00082,Antonio,Rivera,Male,44,Colombia,44957
CS00083,Kevin,Teixeira,Male,24,Brazil,106374
CS00084,Óscar,Ramírez,Male,40,Colombia,75519
CS00085,Alexander,Beltrán,Male,47,Colombia,133224
CS00086,Emanuel,Almeida,Male,61,Brazil,105649
CS00087,Pedro,Carvalho,Male,21,Brazil,72772
CS00088,Bárbara,Rodríguez,Female,24,Chile,52591
CS00089,Violeta,Cardenas,Female,30,Mexico,90292
CS00090,Albeiro,García,Male,26,Colombia,75296
CS00091,Florencia,Barraza,Female,35,Mexico,80637
CS00092,Miriam,Velásquez,Male,22,Mexico,78082
CS00093,Pedro,Dias,Male,21,Brazil,105477
CS00094,Clara,Sales,Female,23,Brazil,141420
CS00095,Claudio,Armas,Female,28,Mexico,73269
CS00096,Ferney,Martínez,Male,48,Colombia,48016
CS00097,Fernanda,Flórez,Female,21,Colombia,41579
CS00098,Diego,Hoyos,Male,18,Colombia,149146
CS00099,Marcela,Lozano,Female,34,Colombia,141440
CS00100,Duván,Sierra,Male,36,Colombia,75444
CS00101,Carlos,Sánchez,Male,27,Colombia,44890
CS00102,Ariela,Rojas,Female,31,Chile,146970
CS00103,Stella,Almeida,Female,55,Brazil,116434
CS00104,Olivia,Cardoso,Female,65,Brazil,61104
CS00105,Lucas Gabriel,da Paz,Male,21,Brazil,96569
CS00106,Alberto,Mendoza,Male,50,Colombia,140505
CS00107,Aurora,Montero,Female,21,Mexico,145931
CS00108,Stephany,Jesus,Female,29,Brazil,28981
CS00109,Lucca,da Cunha,Male,61,Brazil,132960
CS00110,Reynaldo,Bueno,Male,43,Mexico,35713
CS00111,Anel,Acuña,Female,55,Mexico,97924
CS00112,Catarina,Barros,Female,57,Brazil,30745
CS00113,Camilo,Lozano,Male,60,Colombia,96503
CS00114,Maximiliano,Hormazábal,Male,34,Chile,46772
CS00115,Leonardo,Valdés,Male,33,Chile,54814
CS00116,Jenny,Castillo,Female,26,Colombia,108039
CS00117,Domingo,Sanhueza,Male,47,Chile,61441
CS00118,Maria Fernanda,Rocha,Female,18,Brazil,80068
CS00119,Vitória,Barbosa,Female,22,Brazil,90468
CS00120,Silvano,Almaraz,Female,50,Mexico,54760
CS00121,Úrsula,Alba,Male,40,Mexico,135456
CS00122,Cauê,Mendes,Male,33,Brazil,68434
CS00123,Karol,Adasme,Female,28,Chile,77433
CS00124,Damián,Álvarez,Male,57,Chile,148955
CS00125,João Vitor,Oliveira,Male,60,Brazil,127099
CS00126,María,Contreras,Female,60,Chile,33577
CS00127,Aida,Cruz,Female,34,Mexico,35129
CS00128,Ian,Pereira,Male,65,Brazil,92512
CS00129,Violeta,Loya,Male,35,Mexico,56930
CS00130,Barbara,Peña,Female,63,Mexico,64942
CS00131,Mateo,Salazar,Female,61,Mexico,103130
CS00132,Sergio,Varas,Male,50,Chile,84032
CS00133,Sebastián,Baeza,Male,21,Chile,32097
CS00134,Luz,Guzmán,Female,35,Colombia,25778
CS00135,Stephany,Porto,Female,39,Brazil,121072
CS00136,Lourdes,Mora,Male,58,Mexico,148424
CS00137,Verónica,Leal,Female,28,Chile,117154
CS00138,Edilma,Martínez,Female,53,Colombia,112493
CS00139,Juan,Vargas,Male,53,Colombia,21267
CS00140,Nicole,Correia,Female,22,Brazil,143869
CS00141,Jonás,Salas,Female,52,Mexico,24722
CS00142,Manuel,Silva,Male,55,Chile,92420
CS00143,Nayeli,Ramón,Female,45,Mexico,36704
CS00144,Milena,Nascimento,Female,37,Brazil,67795
CS00145,Laís,Souza,Female,40,Brazil,47535
CS00146,Mariano,Ulloa,Female,60,Mexico,33473
CS00147,Florencia,Barrientos,Female,53,Chile,135885
CS00148,Julián,Uribe,Male,57,Colombia,118235
CS00149,Jesús,Frías,Female,33,Mexico,133325
CS00150,Jacobo,Reynoso,Male,29,Mexico,135528
CS00151,Andrea,Mendoza,Female,19,Colombia,43509
CS00152,Paola,Burgos,Female,44,Chile,125150
CS00153,Alfonso,Zapata,Female,35,Mexico,40866
CS00154,Enzo Gabriel,Costa,Male,42,Brazil,134316
CS00155,João Guilherme,Vieira,Male,48,Brazil,49154
CS00156,Teodoro,Rosario,Female,47,Mexico,65830
CS00157,Emilia,Cancino,Female,32,Chile,49219
CS00158,João Pedro,das Neves,Male,60,Brazil,45313
CS00159,Luis,Torres,Male,39,Colombia,56517
CS00160,Isabella,Lima,Female,35,Brazil,66025
CS00161,Elena,Vargas,Female,61,Colombia,148601
CS00162,Ana,Gajardo,Female,19,Chile,35118
CS00163,Filomena,Garrido,Female,29,Chile,96099
CS00164,Mirna,Pizarro,Female,20,Chile,34208
CS00165,Adriana,Quintero,Female,40,Colombia,115491
CS00166,Valentina,López,Female,45,Chile,99457
CS00167,Kamilly,da Paz,Female,42,Brazil,137899
CS00168,Zacarías,Cervantes,Male,34,Mexico,25817
CS00169,Alix,Rodríguez,Female,18,Colombia,88146
CS00170,Juan,Llamas,Male,41,Mexico,76531
CS00171,André,da Cruz,Male,60,Brazil,140687
CS00172,Josefina,Vilches,Female,57,Chile,61145
CS00173,Sofia,Caldeira,Female,64,Brazil,137970
CS00174,Jonathan,Muñoz,Male,50,Chile,60538
CS00175,Cristina,Ortega,Female,38,Colombia,72743
CS00176,Pablo,Fonseca,Male,53,Chile,36683
CS00177,Liliana,Vélez,Male,44,Mexico,107153
CS00178,Martha,Cáceres,Female,61,Colombia,118059
CS00179,Espartaco,Domínguez,Female,57,Mexico,94593
CS00180,Sylvia,Cáceres,Female,43,Chile,91819
CS00181,Alícia,Ramos,Female,37,Brazil,57606
CS00182,Adalberto,Tijerina,Female,45,Mexico,122990
CS00183,Freddy,Marín,Male,47,Chile,77905
CS00184,Silvia,Gil,Female,61,Colombia,48010
CS00185,Yaneth,Bravo,Female,65,Colombia,42241
CS00186,Lorenzo,Silva,Male,36,Brazil,87561
CS00187,Carmen,Santana,Female,23,Chile,127272
CS00188,Flavio,Farías,Female,61,Mexico,60687
CS00189,Verónica,Alba,Female,30,Mexico,39313
CS00190,Vicente,Souza,Male,20,Brazil,52092
CS00191,Andrés,Escobar,Male,57,Colombia,131376
CS00192,Brenda,Cardoso,Female,47,Brazil,74321
CS00193,Virginia,Fuentes,Male,63,Mexico,111272
CS00194,Armando,González,Male,49,Colombia,72383
CS00195,Esperanza,Caraballo,Female,27,Mexico,105990
CS00196,João Lucas,da Conceição,Male,24,Brazil,122029
CS00197,Luz,Flórez,Female,32,Colombia,43053
CS00198,Ignacio,García,Male,21,Colombia,93060
CS00199,Rosario,Luevano,Female,25,Mexico,79829
CS00200,Caridad,Portillo,Male,47,Mexico,107500
CS00201,Ernesto,Barrera,Male,46,Chile,100301
CS00202,Fidel,Tovar,Male,53,Colombia,78446
CS00203,Patricia,Cruz,Female,65,Mexico,132917
CS00204,Edna,Hernández,Female,46,Colombia,53972
CS00205,Julio,Tirado,Female,58,Mexico,56347
CS00206,Antonio,Rodríguez,Male,58,Colombia,51358
CS00207,Ítalo,Osorio,Male,46,Chile,30155
CS00208,Nelson,Cárcamo,Male,33,Chile,55614
CS00209,Francisco,Quezada,Male,38,Chile,137050
CS00210,Brenda,Porto,Female,26,Brazil,39769
CS00211,Salvador,Ríos,Female,42,Mexico,110957
CS00212,Paola,Gollum,Male,63,Mexico,48043
CS00213,Gabriela,Pinto,Female,44,Brazil,73424
CS00214,Pascale,Olivares,Female,52,Chile,81069
CS00215,Yurani,Orozco,Female,21,Colombia,47110
CS00216,Brayan,Molina,Male,42,Colombia,138598
CS00217,Gustavo Henrique,Pereira,Male,54,Brazil,69857
CS00218,Edier,Rueda,Male,18,Colombia,143567
CS00219,Domingo,Santander,Male,37,Chile,118759
CS00220,Libia,Espitia,Female,44,Colombia,90545
CS00221,Guillermo,Gaytán,Male,49,Mexico,48760
CS00222,Lidia,Zúñiga,Female,45,Chile,83654
CS00223,Isis,da Rosa,Female,42,Brazil,64057
CS00224,Alejandro,Mejía,Male,64,Colombia,41632
CS00225,Jhoan,Gamboa,Male,26,Colombia,148545
CS00226,Davi Lucca,Cavalcanti,Male,43,Brazil,97580
CS00227,Theo,Oliveira,Male,23,Brazil,104246
CS00228,Jessica,Aguilar,Female,26,Colombia,133619
CS00229,Francy,Valderrama,Female,29,Colombia,26590
CS00230,María,Reyes,Female,42,Chile,62906
CS00231,Ramiro,Segovia,Female,47,Mexico,62840
CS00232,Ariel,Rodríguez,Male,42,Chile,56471
CS00233,Marcela,Posada,Female,34,Colombia,129433
CS00234,Ana Luiza,Cavalcanti,Female,48,Brazil,22540
CS00235,Maria Eduarda,Fogaça,Female,40,Brazil,49389
CS00236,Maria Sophia,Rocha,Female,59,Brazil,25276
CS00237,Sophie,Costa,Female,33,Brazil,46130
CS00238,Isis,Costela,Female,57,Brazil,39973
CS00239,Víctor,Ureña,Male,26,Mexico,82070
CS00240,Sophie,da Rosa,Female,54,Brazil,144224
CS00241,Francisco Javier,Tello,Female,47,Mexico,111680
CS00242,Julio,Quintanilla,Male,41,Chile,41992
CS00243,Isabelly,da Cruz,Female,28,Brazil,146447
CS00244,Josefa,Barahona,Female,24,Chile,95849
CS00245,Lara,Araújo,Female,37,Brazil,95470
CS00246,Jonathan,Bustamante,Male,43,Colombia,143400
CS00247,Paulina,Baeza,Male,22,Mexico,97607
CS00248,Amanda,Contreras,Male,24,Mexico,111382
CS00249,José,Rojas,Male,61,Chile,98697
CS00250,Lara,Caldeira,Female,54,Brazil,122581
CS00251,Laura,Gomes,Female,40,Brazil,89827
CS00252,María,Rodríguez,Female,60,Colombia,68571
CS00253,Maria,Sales,Female,50,Brazil,104874
CS00254,Ruth,Cea,Female,18,Chile,131355
CS00255,Johana,Londoño,Female,49,Colombia,33833
CS00256,Alejandro,López,Male,41,Colombia,103307
CS00257,Fredy,Sandoval,Male,63,Colombia,40052
CS00258,José,Restrepo,Male,29,Colombia,116180
CS00259,Johnny,Berríos,Male,57,Chile,125932
CS00260,Consuelo,Rivera,Female,47,Colombia,77091
CS00261,Luis,Bastías,Male,38,Chile,131635
CS00262,Rebeca,Jurado,Male,23,Mexico,56559
CS00263,Laura,Rojas,Female,33,Colombia,118366
CS00264,María,Navarro,Female,54,Colombia,99997
CS00265,José,Mora,Male,39,Colombia,23761
CS00266,Enrique,Rodríguez,Male,38,Colombia,43834
CS00267,Johana,Mosquera,Female,31,Colombia,66507
CS00268,Mario,Urrutia,Male,39,Chile,56655
CS00269,Virginia,Alegría,Female,53,Chile,21330
CS00270,Citlali,Segura,Female,23,Mexico,51635
CS00271,Rafael,González,Male,49,Colombia,92768
CS00272,Cristian,Carmona,Female,62,Mexico,82402
CS00273,Edwin,Rodríguez,Male,46,Colombia,123931
CS00274,Carolina,Novaes,Female,23,Brazil,58566
CS00275,Abraham,Cintrón,Female,43,Mexico,110673
CS00276,Dolores,Tijerina,Female,37,Mexico,107026
CS00277,María,Alvarado,Female,48,Chile,92544
CS00278,Abelardo,Ramírez,Male,45,Chile,117771
CS00279,Judith,Molina,Female,40,Chile,112124
CS00280,Mercedes,Cárdenas,Female,35,Colombia,60189
CS00281,Claudio,González,Male,32,Chile,35814
CS00282,Mauro,Zúñiga,Female,38,Mexico,35670
CS00283,Reina,Jimínez,Female,30,Mexico,48361
CS00284,Carlos,Gómez,Male,35,Colombia,114972
CS00285,Arturo,Barahona,Male,24,Chile,129134
CS00286,Daniela,Escamilla,Male,36,Mexico,49816
CS00287,Sebastián,Varas,Male,29,Chile,59618
CS00288,Caio,Fernandes,Male,63,Brazil,90010
CS00289,Caridad,Robledo,Male,35,Mexico,25965
CS00290,Vicente,Porto,Male,53,Brazil,58290
CS00291,Aldo,Bustos,Female,58,Mexico,133830
CS00292,Luis,Rivas,Male,24,Colombia,134389
CS00293,Luiz Gustavo,Araújo,Male,54,Brazil,57268
CS00294,Hernán,Vélez,Male,48,Colombia,77733
CS00295,Martín,Fuentes,Male,29,Chile,146549
CS00296,Luiz Otávio,Cardoso,Male,34,Brazil,143347
CS00297,Nidia,Calderón,Female,25,Colombia,127756
CS00298,Erick,Costela,Male,43,Brazil,84454
CS00299,Mirella,Moreira,Female,54,Brazil,102502
CS00300,Eloah,Fogaça,Female,27,Brazil,39555
CS00301,Eugenia,Ríos,Female,23,Chile,52530
CS00302,Juan,da Rocha,Male,53,Brazil,120197
CS00303,Felix,Parra,Male,56,Colombia,98135
CS00304,Anel,Tejeda,Male,51,Mexico,69856
CS00305,Antonio,Parra,Male,46,Colombia,58974
CS00306,Luis,Muñoz,Male,37,Colombia,94531
CS00307,Alícia,Farias,Female,57,Brazil,145843
CS00308,Pedro Miguel,Barbosa,Male,31,Brazil,101987
CS00309,Ana Luisa,Escamilla,Female,34,Mexico,106563
CS00310,Olivia,Barbosa,Female,28,Brazil,51439
CS00311,Flavio,Burgos,Male,53,Mexico,29838
CS00312,María José,Franco,Male,18,Mexico,73545
CS00313,Jesús,Ortega,Male,62,Colombia,97832
CS00314,Alberto,Fernández,Male,36,Colombia,24278
CS00315,Tomás,Sáenz,Male,36,Mexico,112662
CS00316,Javiera,Vejar,Female,62,Chile,132670
CS00317,José,Ramírez,Male,22,Colombia,110096
CS00318,Miguel,Páez,Female,34,Mexico,123262
CS00319,Conchita,Rocha,Female,45,Mexico,35043
CS00320,Jacobo,Verdugo,Male,59,Mexico,39528
CS00321,Mario,González,Male,27,Chile,29359
CS00322,Pedro,Silva,Male,28,Brazil,123891
CS00323,Héctor,Ávila,Male,56,Chile,118167
CS00324,Daniela,López,Female,46,Chile,36299
CS00325,María,Ríos,Female,62,Colombia,59857
CS00326,Fabián,Ortiz,Male,35,Colombia,85597
CS00327,Santiago,Garzón,Male,46,Colombia,30543
CS00328,João Vitor,da Luz,Male,45,Brazil,116276
CS00329,Patricio,Guajardo,Male,56,Chile,52816
CS00330,Breno,Cardoso,Male,23,Brazil,50005
CS00331,Nina,Santos,Female,61,Brazil,127665
CS00332,Daniela,Maturana,Female,54,Chile,25273
CS00333,Ángel,Bustos,Female,48,Mexico,88021
CS00334,Luis,Bustamante,Male,35,Colombia,43788
CS00335,Yamile,Barbosa,Female,58,Colombia,126724
CS00336,Alberto,Alfonso,Male,23,Colombia,81605
CS00337,Joaquín,Hormazábal,Male,44,Chile,63687
CS00338,Natalia,Rodríguez,Female,60,Chile,33710
CS00339,Linda,Meléndez,Female,39,Mexico,73955
CS00340,Johana,Rodríguez,Female,36,Colombia,106846
CS00341,Teresa,Melo,Female,53,Colombia,24809
CS00342,Luz,Cárdenas,Female,23,Colombia,61224
CS00343,Bruno,Mercado,Male,38,Chile,35194
CS00344,Alberto,Díaz,Male,50,Colombia,128124
CS00345,Erick,Silva,Male,60,Brazil,133949
CS00346,Gustavo,Barreto,Male,44,Colombia,27104
CS00347,Pedro,Roque,Male,51,Mexico,67419
CS00348,Jorge,Melo,Male,58,Colombia,77939
CS00349,Elisa,Gomes,Female,31,Brazil,55003
CS00350,Carla,Matías,Male,36,Mexico,77424
CS00351,Omar,Quintero,Male,25,Colombia,23783
CS00352,Caridad,Adame,Male,63,Mexico,40758
CS00353,Claudina,Núñez,Female,53,Chile,21792
CS00354,Juan,Salazar,Male,23,Colombia,49451
CS00355,Anthony,da Paz,Male,47,Brazil,144133
CS00356,Lorenzo,Ferreira,Male,59,Brazil,129070
CS00357,María Cristina,Saldivar,Female,49,Mexico,142244
CS00358,Yasna,Marín,Female,50,Chile,112459
CS00359,Sandra,Figueroa,Female,44,Chile,129408
CS00360,Andrés,Jiménez,Male,48,Colombia,51946
CS00361,Horacio,Soto,Male,53,Colombia,38958
CS00362,Amparo,Caicedo,Female,30,Colombia,140831
CS00363,Pedro,Escamilla,Male,22,Mexico,56208
CS00364,Ángela,Rueda,Female,39,Colombia,142453
CS00365,Mauricio,Inostroza,Male,18,Chile,57072
CS00366,Héctor,Valladares,Male,55,Chile,96011
CS00367,Camila,Torres,Female,27,Colombia,78529
CS00368,Vladimir,Bonilla,Male,40,Colombia,63573
CS00369,Rosalba,Romero,Female,47,Colombia,142270
CS00370,José,Guzmán,Male,30,Chile,148552
CS00371,Octavio,Zayas,Female,54,Mexico,70196
CS00372,Ricardo,Trejo,Female,44,Mexico,25720
CS00373,Carlos,Díaz,Male,65,Chile,81993
CS00374,Liliana,Rodríguez,Female,42,Colombia,149553
CS00375,Rolando,Olivárez,Male,49,Mexico,146461
CS00376,Maria Cecília,Cavalcanti,Female,26,Brazil,85836
CS00377,Flor,Martínez,Female,24,Chile,134581
CS00378,Helena,Guerrero,Female,24,Colombia,88937
CS00379,Felipe,Sánchez,Male,18,Colombia,114692
CS00380,Francisco Javier,Munguía,Female,44,Mexico,134154
CS00381,Mauro,Reséndez,Male,22,Mexico,81537
CS00382,Erick,Cid,Male,39,Chile,101691
CS00383,Ruth,Calderón,Female,59,Colombia,30527
CS00384,Ariel,Contreras,Male,61,Chile,132635
CS00385,Bladimir,Luna,Male,38,Colombia,102155
CS00386,Felipe,Pinto,Male,52,Colombia,24705
CS00387,Vitor Hugo,Cardoso,Male,33,Brazil,102727
CS00388,Pascal,Bustos,Female,32,Chile,117880
CS00389,Thomas,da Luz,Male,45,Brazil,148232
CS00390,Vinicius,Carvalho,Male,58,Brazil,112260
CS00391,Lucas,Rocha,Male,46,Brazil,41805
CS00392,Elba,Lorca,Female,19,Chile,26028
CS00393,Cristóbal,Rivera,Male,21,Chile,58452
CS00394,Pilar,Martínez,Female,41,Chile,76450
CS00395,Reynaldo,Sierra,Male,33,Mexico,89621
CS00396,Jorge,Gaitán,Male,54,Colombia,109364
CS00397,Mariano,Collazo,Male,28,Mexico,42946
CS00398,Carolina,da Luz,Female,57,Brazil,134142
CS00399,José,Andrade,Male,57,Colombia,109539
CS00400,Gabriel,Gracia,Female,49,Mexico,139646
CS00401,Alicia,Anaya,Male,32,Mexico,80443
CS00402,Jefferson,Parra,Male,47,Chile,53466
CS00403,Mariana,da Costa,Female,47,Brazil,138123
CS00404,María,León,Female,61,Chile,91643
CS00405,Serafín,Canales,Female,22,Mexico,77898
CS00406,Carolina,Bravo,Female,55,Chile,59210
CS00407,Beatriz,Valencia,Female,62,Colombia,52780
CS00408,Erick,Parra,Male,37,Colombia,46111
CS00409,Lina,Navarro,Female,48,Colombia,33979
CS00410,Bernardo,Benítez,Female,42,Mexico,94963
CS00411,Jenniffer,Osses,Female,54,Chile,58780
CS00412,Enrique,Calderón,Male,19,Chile,148181
CS00413,Rafael,Díaz,Male,35,Colombia,21061
CS00414,João Pedro,Melo,Male,56,Brazil,117671
CS00415,Andrés,Galvis,Male,36,Colombia,121677
CS00416,Gonzalo,Alfaro,Male,56,Mexico,125110
CS00417,Francisco,Varas,Male,32,Chile,103442
CS00418,Clemente,Almonte,Male,57,Mexico,52850
CS00419,Abraham,Chacón,Male,58,Mexico,32735
CS00420,Pedro Lucas,Campos,Male,37,Brazil,123364
CS00421,Eduar,Jiménez,Male,20,Colombia,95965
CS00422,Elizabeth,Alvarado,Female,64,Chile,37224
CS00423,Nicole,Cavalcanti,Female,36,Brazil,62823
CS00424,Laura,Orozco,Female,29,Colombia,46318
CS00425,Dulce,Dávila,Male,52,Mexico,134879
CS00426,Johanna,Sanhueza,Female,51,Chile,85771
CS00427,Paulina,Orellana,Female,28,Chile,53681
CS00428,Alex,Mantilla,Male,36,Colombia,117853
CS00429,Angélica,Poblete,Female,25,Chile,81385
CS00430,Heloísa,Costa,Female,27,Brazil,118848
CS00431,Gonzalo,Gamez,Male,61,Mexico,114924
CS00432,Teresa,Rincón,Female,53,Colombia,67942
CS00433,Rafael,da Costa,Male,43,Brazil,21824
CS00434,Freddy,Ponce,Male,52,Chile,36199
CS00435,Erika,Reyes,Female,41,Colombia,108188
CS00436,Florencia,Román,Female,55,Chile,69941
CS00437,Agustina,Núñez,Female,24,Chile,108452
CS00438,Juan,Leiva,Male,48,Mexico,23280
CS00439,Daisy,Coronado,Female,57,Chile,49015
CS00440,Emanuella,Martins,Female,58,Brazil,127984
CS00441,Milena,Vásquez,Female,62,Colombia,59608
CS00442,Isabel,Salas,Female,25,Colombia,38320
CS00443,Maitê,Peixoto,Female,20,Brazil,59893
CS00444,César,Benítez,Male,25,Colombia,32739
CS00445,Julio César,Nieves,Female,52,Mexico,37781
CS00446,Viviana,Sánchez,Female,47,Colombia,68629
CS00447,David,Villa,Male,55,Colombia,117290
CS00448,Julio César,Mares,Female,44,Mexico,105841
CS00449,Luiza,da Mota,Female,49,Brazil,100694
CS00450,Sara,Moreno,Female,35,Colombia,24288
CS00451,Daisy,Mella,Female,31,Chile,78115
CS00452,Alexander,Díaz,Male,33,Colombia,132125
CS00453,Claudio,Torres,Male,24,Chile,148572
CS00454,Jorge,Altamirano,Male,52,Chile,138187
CS00455,Mónica,Vallejos,Female,21,Chile,72184
CS00456,Benjamín,Ormeño,Male,30,Chile,146904
CS00457,Diego,Nascimento,Male,47,Brazil,32015
CS00458,Arcelia,Alonso,Male,59,Mexico,103819
CS00459,Carlos Eduardo,da Conceição,Male,21,Brazil,123126
CS00460,Daniela,Solís,Female,33,Chile,149606
CS00461,Soledad,Sierra,Male,54,Mexico,46896
CS00462,Noah,Cavalcanti,Male,53,Brazil,47152
CS00463,Francisca,Llamas,Male,32,Mexico,63064
CS00464,Mercedes,Corrales,Male,56,Mexico,20371
CS00465,Carolina,Pino,Female,27,Chile,149437
CS00466,Fernando,Aranda,Female,52,Mexico,52853
CS00467,Mariana,Peralta,Male,25,Mexico,106646
CS00468,Leandro,da Rocha,Male,26,Brazil,21947
CS00469,Juan,Villanueva,Male,33,Chile,97182
CS00470,Máximo,Vargas,Male,19,Chile,42838
CS00471,Marina,Araya,Female,21,Chile,36614
CS00472,Carlos,Gutiérrez,Male,51,Colombia,34896
CS00473,Vitor,Rodrigues,Male,48,Brazil,78756
CS00474,Bastián,Gutiérrez,Male,50,Chile,97812
CS00475,Pedro Henrique,da Paz,Male,46,Brazil,86039
CS00476,Dolores,Roybal,Male,57,Mexico,25683
CS00477,Javier,Zambrano,Male,47,Chile,104323
CS00478,Sarah,da Rocha,Female,21,Brazil,82781
CS00479,Milena,Álvarez,Female,45,Colombia,109928
CS00480,Breno,Rezende,Male,49,Brazil,113375
CS00481,Rosalba,Ávila,Female,22,Colombia,137868
CS00482,Nathan,Silveira,Male,38,Brazil,99730
CS00483,Isaac,Cedillo,Female,22,Mexico,36540
CS00484,Sergio,Bravo,Male,57,Chile,102978
CS00485,Eusebio,Arancibia,Male,42,Chile,98301
CS00486,Rodrigo,Troncoso,Male,47,Chile,86263
CS00487,Lilia,Moreno,Female,24,Colombia,123952
CS00488,Samuel,Fogaça,Male,59,Brazil,105316
CS00489,Gabriela,Granado,Male,45,Mexico,79186
CS00490,Rodolfo,Enríquez,Male,44,Mexico,64424
CS00491,Alba,Naranjo,Female,43,Colombia,74524
CS00492,Rafael,da Conceição,Male,38,Brazil,75936
CS00493,Ignacio,Guerrero,Male,60,Chile,53408
CS00494,Anahí,Gajardo,Female,27,Chile,110023
CS00495,Luis,Reyes,Male,22,Colombia,31957
CS00496,André,Fernandes,Male,23,Brazil,76606
CS00497,Anthony,Peixoto,Male,65,Brazil,116835
CS00498,Juan,Aguilar,Male,26,Chile,92924
CS00499,Amanda,Pereira,Female,55,Brazil,145386
CS00500,José,Fuentes,Male,60,Chile,36021
CS00501,Ricardo,Gamboa,Male,40,Colombia,134505
CS00502,Francisco,Fajardo,Male,64,Colombia,26743
CS00503,Ignacio,Cortés,Male,56,Chile,60953
CS00504,Natalia,Díaz,Female,24,Chile,95748
CS00505,Victoria,Terán,Male,27,Mexico,106079
CS00506,Orlando,Cáceres,Male,32,Colombia,131054
CS00507,Mariana,Dias,Female,40,Brazil,130804
CS00508,Carlos,Olguín,Male,25,Chile,119956
CS00509,Marcelo,Aguilar,Male,54,Chile,49643
CS00510,Andrea,Pérez,Female,53,Colombia,147735
CS00511,Clara,Teixeira,Female,56,Brazil,141776
CS00512,Miguel,Cárcamo,Male,19,Chile,43647
CS00513,Lorenzo,Lagos,Male,62,Chile,119930
CS00514,María,Cruz,Female,39,Chile,66009
CS00515,Yago,Fogaça,Male,29,Brazil,134014
CS00516,Bernabé,González,Female,54,Mexico,106159
CS00517,Angélica,Moreno,Female,22,Colombia,38595
CS00518,Davi,da Rocha,Male,23,Brazil,117794
CS00519,Sonia,Archuleta,Male,42,Mexico,75028
CS00520,Jeison,Vélez,Male,39,Colombia,40631
CS00521,Pascal,Hurtado,Female,37,Chile,114581
CS00522,Frank,Cáceres,Male,54,Chile,98148
CS00523,Murilo,Viana,Male,21,Brazil,40392
CS00524,Marcela,Rivero,Female,57,Mexico,26522
CS00525,Maria,Ribeiro,Female,35,Brazil,78079
CS00526,Jhoan,Castañeda,Male,49,Colombia,99570
CS00527,Mayra,Bonilla,Female,44,Colombia,55804
CS00528,Vanesa,Villarreal,Female,50,Mexico,34918
CS00529,Piero,Castro,Male,45,Chile,34534
CS00530,Herminio,González,Male,61,Chile,108930
CS00531,Karen,Arias,Female,51,Colombia,107442
CS00532,Carla,López,Female,20,Chile,48903
CS00533,Diego,Ibarra,Male,56,Colombia,27180
CS00534,Lívia,Novaes,Female,31,Brazil,59507
CS00535,Esmeralda,Fonseca,Female,26,Mexico,120160
CS00536,Karen,Aguirre,Female,36,Chile,63007
CS00537,Enzo Gabriel,Cardoso,Male,18,Brazil,85193
CS00538,Sebastián,Medina,Male,29,Colombia,36932
CS00539,Luz,Rodríguez,Female,52,Colombia,112231
CS00540,Pascual,Iglesias,Female,50,Mexico,93233
CS00541,Olga,Riquelme,Female,22,Chile,72044
CS00542,Lucas Gabriel,Aragão,Male,45,Brazil,22456
CS00543,María,Jaramillo,Female,22,Colombia,132998
CS00544,Mario,Morales,Male,54,Chile,76267
CS00545,Janneth,Contreras,Female,63,Colombia,103904
CS00546,César,Fajardo,Male,36,Colombia,35096
CS00547,Martha,Arias,Female,19,Colombia,146641
CS00548,Valentina,Cifuentes,Female,28,Chile,125030
CS00549,Jimena,Sanabria,Female,62,Colombia,140556
CS00550,Flor,Aguilera,Female,23,Chile,77240
CS00551,Miguel,Barros,Male,33,Brazil,77104
CS00552,Carlos,Quintero,Male,51,Colombia,30308
CS00553,María,Castro,Female,37,Colombia,117754
CS00554,Juan,Henríquez,Male,32,Chile,63655
CS00555,Alvaro,Soto,Male,22,Mexico,86910
CS00556,Carlos Eduardo,Lima,Male,51,Brazil,86840
CS00557,Karla,Santillán,Female,40,Mexico,66019
CS00558,Socorro,Garrido,Female,33,Mexico,33474
CS00559,Natividad,Velázquez,Female,34,Mexico,45856
CS00560,Gonzalo,Ramírez,Male,56,Mexico,40036
CS00561,Laura,Barbosa,Female,29,Brazil,144687
CS00562,César,González,Male,47,Colombia,118886
CS00563,Edwin,Delgado,Male,61,Colombia,141130
CS00564,Rosario,Bello,Female,58,Chile,61436
CS00565,Helena,Zelaya,Male,46,Mexico,28950
CS00566,Camilo,Hernández,Male,46,Colombia,102756
CS00567,Esteban,Cancino,Male,35,Chile,97518
CS00568,João Pedro,Ribeiro,Male,40,Brazil,86497
CS00569,Isis,Costela,Female,37,Brazil,80521
CS00570,Carol,Orozco,Female,20,Colombia,27456
CS00571,Angelo,Torres,Male,36,Chile,30057
CS00572,Calebe,Cardoso,Male,57,Brazil,97867
CS00573,Claudia,Rojas,Female,47,Colombia,96064
CS00574,Mariane,da Paz,Female,46,Brazil,139150
CS00575,Esther,Marrero,Female,38,Mexico,99299
CS00576,John,Zapata,Male,50,Colombia,39773
CS00577,Otávio,Ribeiro,Male,46,Brazil,33566
CS00578,Valeria,Márquez,Female,63,Chile,31053
CS00579,Úrsula,Carreón,Male,20,Mexico,52472
CS00580,Emilio,Ramírez,Male,46,Colombia,88690
CS00581,Aurelio,Noriega,Male,41,Mexico,68870
CS00582,Mateo,Mendoza,Male,42,Chile,73578
CS00583,Uberlinda,Álvarez,Female,61,Chile,98366
CS00584,Luiz Otávio,Ferreira,Male,58,Brazil,104843
CS00585,Daniel,Barrera,Male,22,Chile,63213
CS00586,Maria Cecília,Caldeira,Female,53,Brazil,108916
CS00587,Cindy,Bernal,Female,36,Colombia,53029
CS00588,Luis Manuel,Alcántar,Female,39,Mexico,30682
CS00589,Marisol,Portillo,Female,40,Mexico,60662
CS00590,León,Bernal,Male,26,Colombia,97993
CS00591,André,Azevedo,Male,37,Brazil,93259
CS00592,Piedad,Pulido,Female,59,Colombia,123764
CS00593,María,Flores,Female,26,Chile,107833
CS00594,Emilly,Dias,Female,59,Brazil,107878
CS00595,David,Caicedo,Male,50,Colombia,67425
CS00596,Nicole,Ferreira,Female,41,Brazil,60483
CS00597,Mónica,Domínguez,Male,31,Mexico,64791
CS00598,Jimena,Rivera,Female,30,Colombia,49693
CS00599,Isabel,Villalobos,Female,27,Mexico,30114
CS00600,Manuel,Quezada,Male,24,Chile,86543
CS00601,Daniela,da Rocha,Female,60,Brazil,64140
CS00602,Tania,Esquivel,Female,56,Mexico,69377
CS00603,Marisol,Arias,Male,28,Mexico,43703
CS00604,Isabel,Mata,Male,64,Mexico,77366
CS00605,João Felipe,Carvalho,Male,44,Brazil,67749
CS00606,Pedro,Ulloa,Male,46,Mexico,100031
CS00607,Isolina,Ibarra,Female,65,Chile,122734
CS00608,Yolima,Guerrero,Female,32,Colombia,89993
CS00609,Martín,de la Torre,Female,37,Mexico,146562
CS00610,Stella,Molina,Female,30,Colombia,68213
CS00611,Luisa,Arboleda,Female,47,Colombia,120851
CS00612,Trinidad,Donoso,Female,42,Chile,85916
CS00613,Wilmer,Quintero,Male,28,Colombia,127071
CS00614,Dulce,Oquendo,Male,56,Mexico,38140
CS00615,Ramon,Parra,Male,21,Chile,104040
CS00616,Brayan,Bautista,Male,41,Colombia,92684
CS00617,Danilo,da Costa,Male,63,Brazil,130872
CS00618,Luiz Otávio,Aragão,Male,36,Brazil,30993
CS00619,Aida,Saucedo,Male,35,Mexico,78893
CS00620,Isabela,Santana,Female,45,Mexico,32021
CS00621,Alfonso,Badillo,Male,46,Mexico,135950
CS00622,Nancy,Díaz,Female,19,Chile,74381
CS00623,Alexia,Porto,Female,43,Brazil,85799
CS00624,Ricardo,Orellana,Male,33,Chile,70615
CS00625,João Miguel,Barros,Male,41,Brazil,49430
CS00626,Benjamin,Cardoso,Male,38,Brazil,142005
CS00627,Nicolas,Farias,Male,63,Brazil,105191
CS00628,Félix,Álvarez,Male,27,Chile,38035
CS00629,Kamilly,Barros,Female,36,Brazil,140244
CS00630,Antonio,Castaño,Male,62,Colombia,128935
CS00631,Frida,Esquibel,Male,63,Mexico,81487
CS00632,Franklin,Herrera,Male,57,Colombia,20688
CS00633,Alana,das Neves,Female,19,Brazil,53544
CS00634,Gerónimo,Prado,Male,27,Mexico,91932
CS00635,Kevin,Benítez,Male,25,Colombia,121734
CS00636,Juan,Huerta,Male,33,Chile,59472
CS00637,Davi Lucca,da Cunha,Male,21,Brazil,51252
CS00638,Tatiana,López,Female,58,Colombia,124057
CS00639,Luis,Rodríguez,Male,22,Colombia,34530
CS00640,María,Suárez,Female,56,Colombia,90261
CS00641,Luigi,Novaes,Male,58,Brazil,87551
CS00642,Cynthia,Montero,Female,63,Mexico,38818
CS00643,Alan,Salinas,Male,45,Chile,20205
CS00644,Fernanda,Moreno,Female,33,Chile,94798
CS00645,Daniel,Angulo,Male,29,Colombia,107080
CS00646,Davi,Melo,Male,51,Brazil,147749
CS00647,Eduardo,Matus,Male,22,Chile,144964
CS00648,Nina,Sales,Female,42,Brazil,134469
CS00649,Luz,Martínez,Female,20,Colombia,103318
CS00650,Ernesto,Moreno,Male,41,Colombia,53246
CS00651,Eloah,Moreira,Female,40,Brazil,123352
CS00652,Bárbara,da Rosa,Female,40,Brazil,51604
CS00653,Isabella,Caldeira,Female,55,Brazil,116362
CS00654,Marjorie,Salinas,Female,26,Chile,25811
CS00655,Florencia,Ríos,Female,52,Chile,64374
CS00656,Georgina,Garibay,Male,61,Mexico,80899
CS00657,Katerine,Vega,Female,58,Colombia,43891
CS00658,Hernán,Muro,Female,22,Mexico,113853
CS00659,Teresa,Bohórquez,Female,20,Colombia,58462
CS00660,Trinidad,Zarate,Female,20,Mexico,123692
CS00661,Serafín,Fernández,Male,20,Mexico,61365
CS00662,María,Carmona,Female,50,Chile,72196
CS00663,Enrique,Villa,Male,34,Colombia,24799
CS00664,Barbara,Valdez,Male,36,Mexico,66789
CS00665,Ana Beatriz,Fogaça,Female,59,Brazil,63506
CS00666,Maribel,Madrid,Female,25,Chile,124771
CS00667,Carla,Alfaro,Female,45,Chile,136586
CS00668,Doris,Narváez,Female,65,Colombia,77637
CS00669,Estella,Cruz,Female,39,Colombia,147627
CS00670,Ricardo,Trujillo,Male,49,Mexico,110710
CS00671,David,Buitrago,Male,41,Colombia,141151
CS00672,Carolina,Maldonado,Female,23,Chile,115300
CS00673,Lorenzo,Peña,Male,23,Colombia,76440
CS00674,Eugenio,Matos,Male,52,Mexico,58504
CS00675,Alexis,Figueroa,Male,24,Chile,30494
CS00676,Ana,González,Female,60,Chile,58750
CS00677,Joaquín,Fuentes,Male,46,Chile,98986
CS00678,Milena,Murillo,Female,28,Colombia,110408
CS00679,Jesús,Muñoz,Male,40,Colombia,78606
CS00680,João Vitor,Viana,Male,64,Brazil,134037
CS00681,Rosa,San Martín,Female,57,Chile,77008
CS00682,Félix,Fernández,Male,58,Chile,148454
CS00683,Sarah,Cardoso,Female,22,Brazil,107973
CS00684,Johana,Castro,Female,41,Colombia,87251
CS00685,Aurora,Chavarría,Female,19,Mexico,38714
CS00686,Yeny,López,Female,20,Colombia,36545
CS00687,Camila,Ramos,Female,33,Brazil,122041
CS00688,Anahí,Mejías,Female,41,Chile,70181
CS00689,Yago,Moraes,Male,56,Brazil,40111
CS00690,Adolfo,Díaz,Male,41,Colombia,68760
CS00691,Milton,Arias,Male,22,Colombia,95225
CS00692,Rafaél,Cabrera,Male,51,Mexico,68096
CS00693,Olga,Quintero,Female,38,Colombia,105139
CS00694,Fernanda,Venegas,Female,33,Chile,145897
CS00695,Davi Lucas,Cardoso,Male,19,Brazil,116426
CS00696,Susana,Tamayo,Female,49,Mexico,87861
CS00697,Dayana,Villamil,Female,53,Colombia,35435
CS00698,Carlos,Bravo,Male,34,Chile,112279
CS00699,William,García,Male,31,Colombia,100199
CS00700,Lilian,Bustamante,Female,62,Chile,140124
CS00701,Juan,López,Male,30,Colombia,36074
CS00702,Silvano,Marín,Female,22,Mexico,79250
CS00703,Miguel Ángel,Garibay,Female,63,Mexico,78341
CS00704,Rafael,Moura,Male,61,Brazil,146820
CS00705,Camila,Flores,Female,60,Chile,65537
CS00706,Maria Cecília,Nunes,Female,53,Brazil,91063
CS00707,Isidora,Inostroza,Female,37,Chile,131589
CS00708,Karina,Esparza,Female,63,Mexico,113003
CS00709,Susana,Alvarado,Female,41,Mexico,86683
CS00710,Eric,Oquendo,Male,25,Mexico,149123
CS00711,Emiliano,Maya,Female,26,Mexico,51029
CS00712,Sebastián,Ángel,Male,19,Colombia,67303
CS00713,Tamara,Meneses,Female,47,Chile,125337
CS00714,Karina,Santillán,Male,57,Mexico,135899
CS00715,Laís,Aragão,Female,22,Brazil,60539
CS00716,Wilson,Parada,Male,63,Colombia,114223
CS00717,Mariela,Molina,Female,51,Colombia,73843
CS00718,Leidy,Rodríguez,Female,54,Colombia,29666
CS00719,Eugenia,Garibay,Female,38,Mexico,104192
CS00720,Júlia,Dias,Female,46,Brazil,81057
CS00721,Luis,Silva,Male,26,Chile,135075
CS00722,Trinidad,Marrero,Male,26,Mexico,76704
CS00723,Daniela,Cardoso,Female,25,Brazil,87908
CS00724,Esperanza,Tamayo,Male,37,Mexico,41581
CS00725,Angélica,Ulloa,Female,38,Mexico,142517
CS00726,Lorenzo,Mateo,Female,40,Mexico,144188
CS00727,Francisca,Cornejo,Female,23,Chile,52847
CS00728,Cristina,Blanco,Female,58,Mexico,145350
CS00729,Vanessa,Cárcamo,Female,26,Chile,101922
CS00730,Roberto,Parra,Male,57,Chile,89924
CS00731,Benício,Porto,Male,50,Brazil,104015
CS00732,Cynthia,Cervántez,Male,55,Mexico,143418
CS00733,Antonia,Soliz,Female,28,Mexico,106341
CS00734,Rosa,Montoya,Female,54,Chile,25399
CS00735,Melissa,Barros,Female,23,Brazil,25958
CS00736,María,Núñez,Female,59,Chile,47631
CS00737,Teresa,Hernández,Female,57,Colombia,103753
CS00738,Pedro,Martins,Male,49,Brazil,136522
CS00739,Carlos,Vega,Male,59,Chile,145390
CS00740,Joaquín,Mora,Male,48,Chile,52096
CS00741,Carlos,Jiménez,Male,37,Colombia,79446
CS00742,Calebe,Nunes,Male,62,Brazil,27852
CS00743,María Teresa,Lemus,Female,46,Mexico,74476
CS00744,Luis,Uribe,Male,47,Colombia,46741
CS00745,Francisco,Bravo,Male,56,Chile,38830
CS00746,José,Barrientos,Male,63,Chile,61853
CS00747,Berta,Toledo,Female,43,Chile,37139
CS00748,Rubén,Villegas,Male,50,Chile,93616
CS00749,Alice,Santos,Female,38,Brazil,51685
CS00750,Karol,Contreras,Female,25,Colombia,55058
CS00751,Jorge,Fernández,Male,33,Colombia,38465
CS00752,Alana,Santos,Female,21,Brazil,58038
CS00753,Julieth,Martínez,Female,57,Colombia,74805
CS00754,Pamela,Bustos,Male,28,Mexico,126624
CS00755,Daniela,Espinoza,Female,54,Chile,114519
CS00756,Jorge,Contreras,Male,30,Chile,120023
CS00757,Cornelio,Barreto,Male,49,Mexico,87466
CS00758,Paula,Mejía,Female,49,Colombia,135222
CS00759,Herminda,Alarcón,Female,49,Chile,23037
CS00760,Daniel,Barros,Male,43,Brazil,86249
CS00761,Jean,Tamayo,Male,33,Colombia,48199
CS00762,Elena,Fuentes,Female,21,Chile,26624
CS00763,Evaristo,Piña,Male,49,Chile,98317
CS00764,Andrés,Henao,Male,36,Colombia,90345
CS00765,Luiz Gustavo,Novaes,Male,24,Brazil,76482
CS00766,Santiago,Camarillo,Female,34,Mexico,115355
CS00767,Sandra,Rivas,Female,43,Chile,67964
CS00768,Levi,Pereira,Male,43,Brazil,26705
CS00769,Antonia,Botello,Female,41,Mexico,92512
CS00770,Alice,Guzmán,Female,22,Chile,70639
CS00771,David,Rodríguez,Male,53,Colombia,56663
CS00772,Eduarda,Freitas,Female,26,Brazil,147806
CS00773,Thales,Costa,Male,43,Brazil,68915
CS00774,Raquel,Ahumada,Female,53,Chile,143069
CS00775,Berta,Reyes,Female,27,Chile,46090
CS00776,Milena,Toro,Female,50,Colombia,25276
CS00777,Letícia,Cardoso,Female,20,Brazil,37961
CS00778,Luz,Castro,Female,48,Chile,88069
CS00779,Eduardo,Muñoz,Male,27,Colombia,99463
CS00780,Adela,Ontiveros,Male,38,Mexico,142076
CS00781,Nelson,Cornejo,Male,28,Chile,71505
CS00782,Pamela,Molina,Female,55,Chile,64089
CS00783,David,Giraldo,Male,63,Colombia,93783
CS00784,Bastián,Aravena,Male,48,Chile,126921
CS00785,Clara,Nunes,Female,41,Brazil,63416
CS00786,João Felipe,da Costa,Male,44,Brazil,96507
CS00787,Fernando,Cea,Male,64,Chile,134307
CS00788,Maria Clara,Rodrigues,Female,56,Brazil,82205
CS00789,Macarena,Castillo,Female,59,Chile,122616
CS00790,Omar,Muñiz,Male,64,Mexico,26731
CS00791,Alba,Agudelo,Female,28,Colombia,88712
CS00792,Henry,Vargas,Male,27,Colombia,127696
CS00793,Asunción,Romero,Male,20,Mexico,95047
CS00794,Alice,da Rosa,Female,30,Brazil,22482
CS00795,Camilo,Castro,Male,38,Colombia,74890
CS00796,Julio César,Gálvez,Female,44,Mexico,110505
CS00797,María Luisa,Quesada,Female,44,Mexico,85774
CS00798,Ruby,Quintero,Female,65,Colombia,115342
CS00799,Gabriela,Costa,Female,63,Brazil,38098
CS00800,Celia,Sevilla,Male,53,Mexico,62604
CS00801,Julián,García,Male,51,Colombia,69391
CS00802,Rosa,Arriagada,Female,29,Chile,80249
CS00803,Susana,Muñoz,Female,52,Chile,66437
CS00804,Víctor,Méndez,Male,57,Chile,83462
CS00805,Juan Carlos,Villegas,Female,33,Mexico,56569
CS00806,Rodrigo,Uribe,Male,32,Chile,143402
CS00807,Matías,Quezada,Male,36,Chile,112392
CS00808,Pilar,Rocha,Female,62,Mexico,112404
CS00809,David,García,Male,38,Colombia,82888
CS00810,Pía,Olivares,Female,53,Chile,142381
CS00811,José,García,Male,36,Chile,35974
CS00812,Elcy,Castañeda,Female,43,Colombia,127266
CS00813,Cecilia,Segura,Female,27,Chile,58070
CS00814,Carlos Eduardo,Costela,Male,36,Brazil,145214
CS00815,Ana Sophia,Moraes,Female,40,Brazil,141111
CS00816,Cielo,Vargas,Female,59,Colombia,53612
CS00817,Silvia,Domínguez,Female,31,Colombia,46485
CS00818,Fernanda,Aravena,Female,53,Chile,111248
CS00819,Graciela,Araya,Female,26,Chile,34316
CS00820,Diana,Valentín,Male,33,Mexico,26653
CS00821,Jaime,Abreu,Female,58,Mexico,50518
CS00822,Davi Lucca,Pires,Male,24,Brazil,74172
CS00823,María,Moncada,Female,63,Chile,81918
CS00824,João Vitor,Teixeira,Male,61,Brazil,121025
CS00825,Jacinto,Ulloa,Female,18,Mexico,146421
CS00826,María del Carmen,Hurtado,Female,44,Mexico,105575
CS00827,Lina,Cabrera,Female,48,Colombia,105267
CS00828,Gustavo,Vergara,Female,36,Mexico,62096
CS00829,Noemí,Osorio,Female,59,Chile,27754
CS00830,Guilherme,Costa,Male,59,Brazil,95252
CS00831,Enrique,Tamayo,Male,52,Mexico,116821
CS00832,Ana Julia,Alves,Female,29,Brazil,74773
CS00833,Jesús,Heredia,Female,20,Mexico,129602
CS00834,Edith,Ortega,Female,49,Colombia,44420
CS00835,Fanny,Gutiérrez,Female,20,Chile,21214
CS00836,Manuel,Zúñiga,Male,54,Chile,99007
CS00837,Alexia,da Costa,Female,39,Brazil,57298
CS00838,Esneider,Agudelo,Male,59,Colombia,91211
CS00839,Yuli,Vélez,Female,26,Colombia,131550
CS00840,Patricia,Lozano,Female,35,Colombia,45272
CS00841,Carlos Eduardo,Moura,Male,39,Brazil,41298
CS00842,Jorge,Paz,Male,59,Colombia,53720
CS00843,María Cristina,Badillo,Female,18,Mexico,116549
CS00844,José,Medina,Male,36,Chile,94420
CS00845,Lorenzo,Jiménez,Female,29,Mexico,100079
CS00846,Harvey,Rodríguez,Male,45,Colombia,87538
CS00847,Alma,Aguirre,Female,23,Chile,72538
CS00848,Emanuelly,da Costa,Female,29,Brazil,148671
CS00849,Laura,Salcedo,Male,48,Mexico,62415
CS00850,Estela,Mena,Female,18,Mexico,54181
CS00851,Marcela,Bernal,Female,33,Colombia,78554
CS00852,Jorge,Díaz,Male,39,Chile,59576
CS00853,Ana Beatriz,da Mata,Female,34,Brazil,105679
CS00854,Alejandra,González,Female,62,Chile,50972
CS00855,Renan,da Conceição,Male,60,Brazil,35495
CS00856,Julia,Valencia,Female,37,Colombia,40934
CS00857,Mario,Narváez,Male,61,Colombia,85866
CS00858,Diego,González,Male,62,Chile,35389
CS00859,Julio,Escalona,Male,41,Chile,100560
CS00860,Guadalupe,Estévez,Female,32,Mexico,145483
CS00861,Ruby,Nava,Female,48,Mexico,40078
CS00862,Astrid,Agudelo,Female,65,Colombia,149608
CS00863,Cristian,González,Male,44,Chile,112004
CS00864,Rodolfo,Salazar,Male,52,Colombia,125119
CS00865,Gonzalo,Huerta,Male,33,Mexico,109173
CS00866,Nicole,Pinto,Female,51,Brazil,78556
CS00867,Patricia,Vásquez,Female,22,Chile,140225
CS00868,Matheus,Santos,Male,21,Brazil,128629
CS00869,Joaquín,Tapia,Male,54,Mexico,90341
CS00870,Antonio,Huerta,Male,28,Mexico,63007
CS00871,Wilmar,Ortega,Male,25,Colombia,109167
CS00872,Evelio,Rosas,Female,63,Mexico,96434
CS00873,Luis,Silva,Male,23,Colombia,137819
CS00874,María,Sarmiento,Female,21,Colombia,79432
CS00875,Benito,Muñiz,Male,50,Mexico,74450
CS00876,Iván,Zapata,Male,54,Colombia,27567
CS00877,Omar,Marín,Male,61,Colombia,125764
CS00878,Jacqueline,Núñez,Female,64,Chile,22853
CS00879,Fredy,Cárdenas,Male,34,Colombia,127014
CS00880,Maria Clara,Melo,Female,65,Brazil,48560
CS00881,Luiz Felipe,Jesus,Male,20,Brazil,75534
CS00882,José,Venegas,Male,62,Chile,28357
CS00883,Catarina,Mendes,Female,22,Brazil,149254
CS00884,Danilo,Córdoba,Male,20,Colombia,57629
CS00885,Steven,Vargas,Male,29,Colombia,120790
CS00886,Clemente,Mares,Female,59,Mexico,148232
CS00887,Sandra,Rivera,Female,41,Colombia,136828
CS00888,Tatiana,Garzón,Female,46,Colombia,133982
CS00889,Andrea,Rojas,Female,42,Colombia,30518
CS00890,Flavio,Espino,Female,59,Mexico,132759
CS00891,Eliana,Zapata,Female,25,Chile,43392
CS00892,Marcela,Ramos,Female,51,Colombia,36691
CS00893,Reina,Riojas,Male,18,Mexico,119113
CS00894,Luiz Miguel,Lopes,Male,37,Brazil,80686
CS00895,Amparo,Murcia,Female,52,Colombia,69712
CS00896,Gerardo,Vera,Male,33,Mexico,80375
CS00897,Felipe,Sandoval,Male,27,Chile,56129
CS00898,Magdalena,Bañuelos,Male,64,Mexico,120334
CS00899,Alice,Sales,Female,20,Brazil,126099
CS00900,Enrique,Barbosa,Male,57,Colombia,120408
CS00901,Leandro,Cardoso,Male,33,Brazil,47011
CS00902,Luigi,da Rosa,Male,24,Brazil,97849
CS00903,Beatriz,Cardoso,Female,46,Brazil,98352
CS00904,Raul,Barbosa,Male,33,Brazil,117064
CS00905,Brenda,Ramos,Female,43,Brazil,77535
CS00906,Virginia,Sepúlveda,Male,52,Mexico,48477
CS00907,Vitória,Alves,Female,26,Brazil,86046
CS00908,Fernando,Arredondo,Male,32,Chile,126926
CS00909,Claudia,Ortiz,Female,54,Chile,98370
CS00910,Rolando,Retamales,Male,33,Chile,59552
CS00911,José Eduardo,Mendoza,Male,60,Mexico,88321
CS00912,Héctor,Longoria,Male,44,Mexico,59387
CS00913,Camila,Tapia,Female,21,Chile,92970
CS00914,Gerónimo,Loera,Female,58,Mexico,108965
CS00915,Yulieth,León,Female,53,Colombia,84962
CS00916,Juan,Araújo,Male,40,Brazil,143415
CS00917,Vanesa,Martínez,Female,51,Colombia,61777
CS00918,Virginia,Palacios,Female,44,Colombia,39558
CS00919,Cristian,Serrano,Male,42,Chile,44101
CS00920,Carmen,Rivas,Female,33,Colombia,131324
CS00921,David,Jaime,Female,37,Mexico,132399
CS00922,Fernando,Arenas,Male,47,Mexico,139896
CS00923,Alexandre,Mendes,Male,53,Brazil,74090
CS00924,Elena,Arteaga,Female,53,Colombia,89467
CS00925,Rolando,Cuellar,Male,42,Mexico,51831
CS00926,José,Briceño,Male,31,Chile,63288
CS00927,Marina,Azevedo,Female,46,Brazil,131035
CS00928,Benjamín,Navarro,Male,23,Chile,90206
CS00929,Soledad,Lemus,Female,21,Mexico,55187
CS00930,Javier,Díaz,Male,61,Colombia,99294
CS00931,Yago,Gonçalves,Male,22,Brazil,44662
CS00932,Celia,Patiño,Female,48,Mexico,47379
CS00933,Margarita,Henríquez,Female,37,Chile,145438
CS00934,Benício,da Costa,Male,31,Brazil,142835
CS00935,Renato,Márquez,Female,65,Mexico,35376
CS00936,Judith,Bolaños,Female,33,Colombia,111177
CS00937,Rodolfo,Farías,Male,43,Mexico,139947
CS00938,María Teresa,Rael,Female,53,Mexico,62154
CS00939,Claudia,Rojo,Female,42,Chile,81112
CS00940,María,Piña,Female,37,Chile,54283
CS00941,Pablo,Palma,Male,50,Chile,135711
CS00942,Leidy,Guerrero,Female,47,Colombia,32924
CS00943,Óscar,Mosquera,Male,38,Colombia,139843
CS00944,Socorro,Gurule,Male,41,Mexico,61015
CS00945,Vanesa,Gómez,Female,20,Colombia,93731
CS00946,Alonso,Cornejo,Male,65,Mexico,39126
CS00947,Enrico,Pinto,Male,34,Brazil,92523
CS00948,Paola,Sánchez,Female,36,Colombia,39976
CS00949,Zacarías,Valdez,Female,39,Mexico,50149
CS00950,Daniel,Rivera,Male,54,Colombia,129230
CS00951,Leticia,Grijalva,Male,49,Mexico,92173
CS00952,Samuel,González,Male,34,Chile,120055
CS00953,Jesús,Cuesta,Male,64,Colombia,104108
CS00954,Fredy,Bohórquez,Male,47,Colombia,42050
CS00955,Fabiola,Rodríguez,Female,28,Chile,38344
CS00956,Fabio,Carvajal,Male,29,Colombia,140179
CS00957,Theo,Azevedo,Male,51,Brazil,24433
CS00958,Renan,da Paz,Male,60,Brazil,26358
CS00959,Heloísa,Viana,Female,44,Brazil,38021
CS00960,Pablo,Nazario,Female,22,Mexico,112690
CS00961,Gustavo,Figueroa,Female,18,Mexico,48668
CS00962,Yair,Hernández,Male,41,Colombia,27923
CS00963,Nancy,Morales,Female,60,Colombia,83944
CS00964,Eduarda,da Paz,Female,18,Brazil,89758
CS00965,Gonzalo,Cuéllar,Male,18,Colombia,22192
CS00966,Verónica,Ibarra,Female,52,Chile,148120
CS00967,Carol,Araya,Female,19,Chile,85826
CS00968,Inés,Sánchez,Female,29,Colombia,34026
CS00969,Bernardo,Lima,Male,51,Brazil,39516
CS00970,Gabriel,Roldán,Female,30,Mexico,101235
CS00971,Viviana,Sánchez,Female,40,Chile,55038
CS00972,Fernando,Molina,Male,23,Colombia,68896
CS00973,Leonardo,Molina,Male,47,Colombia,94055
CS00974,Isabel,Pabón,Male,62,Mexico,49603
CS00975,Marcela,Piña,Female,61,Chile,128535
CS00976,Mirella,Nunes,Female,59,Brazil,149980
CS00977,Milena,Silva,Female,23,Brazil,73120
CS00978,Beatriz,Gaviria,Female,42,Colombia,92443
CS00979,Carlos,Murillo,Male,21,Colombia,103459
CS00980,Fernanda,Vieira,Female,62,Brazil,42463
CS00981,Noah,Almeida,Male,49,Brazil,130799
CS00982,Dora,Duque,Female,59,Colombia,122809
CS00983,Bastián,Quezada,Male,54,Chile,148100
CS00984,Brenda,Gonçalves,Female,51,Brazil,140475
CS00985,João,Duarte,Male,32,Brazil,47710
CS00986,Sandra,Ayala,Female,35,Colombia,26102
CS00987,Júlia,Gonçalves,Female,61,Brazil,141318
CS00988,Hernán,Solís,Male,52,Chile,93860
CS00989,Luiz Gustavo,Martins,Male,29,Brazil,141735
CS00990,María,Vergara,Female,19,Chile,146021
CS00991,Abigail,Riojas,Male,55,Mexico,38899
CS00992,Jaime,Guerrero,Male,22,Colombia,59226
CS00993,Eva,Lucero,Male,54,Mexico,51519
CS00994,Alberto,Osorio,Male,61,Colombia,137509
CS00995,Tomás,Lazcano,Male,42,Chile,119039
CS00996,Ignacio,Santillán,Female,62,Mexico,114917
CS00997,Alana,Fogaça,Female,50,Brazil,117708
CS00998,María,Fuenzalida,Female,21,Chile,32803
CS00999,Nelson,Rueda,Male,32,Colombia,129926
CS01000,Isabella,Ribeiro,Female,39,Brazil,99320
CS01001,Isabel,Guzmán,Female,38,Colombia,23883
